season,teamId,cityState,nick
1999,3800,Arizona,Cardinals
1999,200,Atlanta,Falcons
1999,325,Baltimore,Ravens
1999,610,Buffalo,Bills
1999,750,Carolina,Panthers
1999,810,Chicago,Bears
1999,920,Cincinnati,Bengals
1999,1050,Cleveland,Browns
1999,1200,Dallas,Cowboys
1999,1400,Denver,Broncos
1999,1540,Detroit,Lions
1999,1800,Green Bay,Packers
1999,2200,Indianapolis,Colts
1999,2250,Jacksonville,Jaguars
1999,2310,Kansas City,Chiefs
1999,2510,St. Louis,Rams
1999,4400,San Diego,Chargers
1999,2520,Oakland,Raiders
1999,2700,Miami,Dolphins
1999,3000,Minnesota,Vikings
1999,3200,New England,Patriots
1999,3300,New Orleans,Saints
1999,3410,New York Giants,Giants
1999,3430,New York Jets,Jets
1999,3700,Philadelphia,Eagles
1999,3900,Pittsburgh,Steelers
1999,4600,Seattle,Seahawks
1999,4500,San Francisco,49ers
1999,4900,Tampa Bay,Buccaneers
1999,2100,Tennessee,Titans
1999,5110,Washington,Redskins
2000,3800,Arizona,Cardinals
2000,200,Atlanta,Falcons
2000,325,Baltimore,Ravens
2000,610,Buffalo,Bills
2000,750,Carolina,Panthers
2000,810,Chicago,Bears
2000,920,Cincinnati,Bengals
2000,1050,Cleveland,Browns
2000,1200,Dallas,Cowboys
2000,1400,Denver,Broncos
2000,1540,Detroit,Lions
2000,1800,Green Bay,Packers
2000,2200,Indianapolis,Colts
2000,2250,Jacksonville,Jaguars
2000,2310,Kansas City,Chiefs
2000,2510,St. Louis,Rams
2000,4400,San Diego,Chargers
2000,2520,Oakland,Raiders
2000,2700,Miami,Dolphins
2000,3000,Minnesota,Vikings
2000,3200,New England,Patriots
2000,3300,New Orleans,Saints
2000,3410,New York Giants,Giants
2000,3430,New York Jets,Jets
2000,3700,Philadelphia,Eagles
2000,3900,Pittsburgh,Steelers
2000,4600,Seattle,Seahawks
2000,4500,San Francisco,49ers
2000,4900,Tampa Bay,Buccaneers
2000,2100,Tennessee,Titans
2000,5110,Washington,Redskins
2001,3800,Arizona,Cardinals
2001,200,Atlanta,Falcons
2001,325,Baltimore,Ravens
2001,610,Buffalo,Bills
2001,750,Carolina,Panthers
2001,810,Chicago,Bears
2001,920,Cincinnati,Bengals
2001,1050,Cleveland,Browns
2001,1200,Dallas,Cowboys
2001,1400,Denver,Broncos
2001,1540,Detroit,Lions
2001,1800,Green Bay,Packers
2001,2200,Indianapolis,Colts
2001,2250,Jacksonville,Jaguars
2001,2310,Kansas City,Chiefs
2001,2510,St. Louis,Rams
2001,4400,San Diego,Chargers
2001,2520,Oakland,Raiders
2001,2700,Miami,Dolphins
2001,3000,Minnesota,Vikings
2001,3200,New England,Patriots
2001,3300,New Orleans,Saints
2001,3410,New York Giants,Giants
2001,3430,New York Jets,Jets
2001,3700,Philadelphia,Eagles
2001,3900,Pittsburgh,Steelers
2001,4600,Seattle,Seahawks
2001,4500,San Francisco,49ers
2001,4900,Tampa Bay,Buccaneers
2001,2100,Tennessee,Titans
2001,5110,Washington,Redskins
2002,3800,Arizona,Cardinals
2002,200,Atlanta,Falcons
2002,325,Baltimore,Ravens
2002,610,Buffalo,Bills
2002,750,Carolina,Panthers
2002,810,Chicago,Bears
2002,920,Cincinnati,Bengals
2002,1050,Cleveland,Browns
2002,1200,Dallas,Cowboys
2002,1400,Denver,Broncos
2002,1540,Detroit,Lions
2002,1800,Green Bay,Packers
2002,2120,Houston,Texans
2002,2200,Indianapolis,Colts
2002,2250,Jacksonville,Jaguars
2002,2310,Kansas City,Chiefs
2002,2510,St. Louis,Rams
2002,4400,San Diego,Chargers
2002,2520,Oakland,Raiders
2002,2700,Miami,Dolphins
2002,3000,Minnesota,Vikings
2002,3200,New England,Patriots
2002,3300,New Orleans,Saints
2002,3410,New York Giants,Giants
2002,3430,New York Jets,Jets
2002,3700,Philadelphia,Eagles
2002,3900,Pittsburgh,Steelers
2002,4600,Seattle,Seahawks
2002,4500,San Francisco,49ers
2002,4900,Tampa Bay,Buccaneers
2002,2100,Tennessee,Titans
2002,5110,Washington,Redskins
2003,3800,Arizona,Cardinals
2003,200,Atlanta,Falcons
2003,325,Baltimore,Ravens
2003,610,Buffalo,Bills
2003,750,Carolina,Panthers
2003,810,Chicago,Bears
2003,920,Cincinnati,Bengals
2003,1050,Cleveland,Browns
2003,1200,Dallas,Cowboys
2003,1400,Denver,Broncos
2003,1540,Detroit,Lions
2003,1800,Green Bay,Packers
2003,2120,Houston,Texans
2003,2200,Indianapolis,Colts
2003,2250,Jacksonville,Jaguars
2003,2310,Kansas City,Chiefs
2003,2510,St. Louis,Rams
2003,4400,San Diego,Chargers
2003,2520,Oakland,Raiders
2003,2700,Miami,Dolphins
2003,3000,Minnesota,Vikings
2003,3200,New England,Patriots
2003,3300,New Orleans,Saints
2003,3410,New York Giants,Giants
2003,3430,New York Jets,Jets
2003,3700,Philadelphia,Eagles
2003,3900,Pittsburgh,Steelers
2003,4600,Seattle,Seahawks
2003,4500,San Francisco,49ers
2003,4900,Tampa Bay,Buccaneers
2003,2100,Tennessee,Titans
2003,5110,Washington,Redskins
2004,3800,Arizona,Cardinals
2004,200,Atlanta,Falcons
2004,325,Baltimore,Ravens
2004,610,Buffalo,Bills
2004,750,Carolina,Panthers
2004,810,Chicago,Bears
2004,920,Cincinnati,Bengals
2004,1050,Cleveland,Browns
2004,1200,Dallas,Cowboys
2004,1400,Denver,Broncos
2004,1540,Detroit,Lions
2004,1800,Green Bay,Packers
2004,2120,Houston,Texans
2004,2200,Indianapolis,Colts
2004,2250,Jacksonville,Jaguars
2004,2310,Kansas City,Chiefs
2004,2510,St. Louis,Rams
2004,4400,San Diego,Chargers
2004,2520,Oakland,Raiders
2004,2700,Miami,Dolphins
2004,3000,Minnesota,Vikings
2004,3200,New England,Patriots
2004,3300,New Orleans,Saints
2004,3410,New York Giants,Giants
2004,3430,New York Jets,Jets
2004,3700,Philadelphia,Eagles
2004,3900,Pittsburgh,Steelers
2004,4600,Seattle,Seahawks
2004,4500,San Francisco,49ers
2004,4900,Tampa Bay,Buccaneers
2004,2100,Tennessee,Titans
2004,5110,Washington,Redskins
2005,3800,Arizona,Cardinals
2005,200,Atlanta,Falcons
2005,325,Baltimore,Ravens
2005,610,Buffalo,Bills
2005,750,Carolina,Panthers
2005,810,Chicago,Bears
2005,920,Cincinnati,Bengals
2005,1050,Cleveland,Browns
2005,1200,Dallas,Cowboys
2005,1400,Denver,Broncos
2005,1540,Detroit,Lions
2005,1800,Green Bay,Packers
2005,2120,Houston,Texans
2005,2200,Indianapolis,Colts
2005,2250,Jacksonville,Jaguars
2005,2310,Kansas City,Chiefs
2005,2510,St. Louis,Rams
2005,4400,San Diego,Chargers
2005,2520,Oakland,Raiders
2005,2700,Miami,Dolphins
2005,3000,Minnesota,Vikings
2005,3200,New England,Patriots
2005,3300,New Orleans,Saints
2005,3410,New York Giants,Giants
2005,3430,New York Jets,Jets
2005,3700,Philadelphia,Eagles
2005,3900,Pittsburgh,Steelers
2005,4600,Seattle,Seahawks
2005,4500,San Francisco,49ers
2005,4900,Tampa Bay,Buccaneers
2005,2100,Tennessee,Titans
2005,5110,Washington,Redskins
2006,3800,Arizona,Cardinals
2006,200,Atlanta,Falcons
2006,325,Baltimore,Ravens
2006,610,Buffalo,Bills
2006,750,Carolina,Panthers
2006,810,Chicago,Bears
2006,920,Cincinnati,Bengals
2006,1050,Cleveland,Browns
2006,1200,Dallas,Cowboys
2006,1400,Denver,Broncos
2006,1540,Detroit,Lions
2006,1800,Green Bay,Packers
2006,2120,Houston,Texans
2006,2200,Indianapolis,Colts
2006,2250,Jacksonville,Jaguars
2006,2310,Kansas City,Chiefs
2006,2510,St. Louis,Rams
2006,4400,San Diego,Chargers
2006,2520,Oakland,Raiders
2006,2700,Miami,Dolphins
2006,3000,Minnesota,Vikings
2006,3200,New England,Patriots
2006,3300,New Orleans,Saints
2006,3410,New York Giants,Giants
2006,3430,New York Jets,Jets
2006,3700,Philadelphia,Eagles
2006,3900,Pittsburgh,Steelers
2006,4600,Seattle,Seahawks
2006,4500,San Francisco,49ers
2006,4900,Tampa Bay,Buccaneers
2006,2100,Tennessee,Titans
2006,5110,Washington,Redskins
2007,3800,Arizona,Cardinals
2007,200,Atlanta,Falcons
2007,325,Baltimore,Ravens
2007,610,Buffalo,Bills
2007,750,Carolina,Panthers
2007,810,Chicago,Bears
2007,920,Cincinnati,Bengals
2007,1050,Cleveland,Browns
2007,1200,Dallas,Cowboys
2007,1400,Denver,Broncos
2007,1540,Detroit,Lions
2007,1800,Green Bay,Packers
2007,2120,Houston,Texans
2007,2200,Indianapolis,Colts
2007,2250,Jacksonville,Jaguars
2007,2310,Kansas City,Chiefs
2007,2510,St. Louis,Rams
2007,4400,San Diego,Chargers
2007,2520,Oakland,Raiders
2007,2700,Miami,Dolphins
2007,3000,Minnesota,Vikings
2007,3200,New England,Patriots
2007,3300,New Orleans,Saints
2007,3410,New York Giants,Giants
2007,3430,New York Jets,Jets
2007,3700,Philadelphia,Eagles
2007,3900,Pittsburgh,Steelers
2007,4600,Seattle,Seahawks
2007,4500,San Francisco,49ers
2007,4900,Tampa Bay,Buccaneers
2007,2100,Tennessee,Titans
2007,5110,Washington,Redskins
2008,3800,Arizona,Cardinals
2008,200,Atlanta,Falcons
2008,325,Baltimore,Ravens
2008,610,Buffalo,Bills
2008,750,Carolina,Panthers
2008,810,Chicago,Bears
2008,920,Cincinnati,Bengals
2008,1050,Cleveland,Browns
2008,1200,Dallas,Cowboys
2008,1400,Denver,Broncos
2008,1540,Detroit,Lions
2008,1800,Green Bay,Packers
2008,2120,Houston,Texans
2008,2200,Indianapolis,Colts
2008,2250,Jacksonville,Jaguars
2008,2310,Kansas City,Chiefs
2008,2510,St. Louis,Rams
2008,4400,San Diego,Chargers
2008,2520,Oakland,Raiders
2008,2700,Miami,Dolphins
2008,3000,Minnesota,Vikings
2008,3200,New England,Patriots
2008,3300,New Orleans,Saints
2008,3410,New York Giants,Giants
2008,3430,New York Jets,Jets
2008,3700,Philadelphia,Eagles
2008,3900,Pittsburgh,Steelers
2008,4600,Seattle,Seahawks
2008,4500,San Francisco,49ers
2008,4900,Tampa Bay,Buccaneers
2008,2100,Tennessee,Titans
2008,5110,Washington,Redskins
2009,3800,Arizona,Cardinals
2009,200,Atlanta,Falcons
2009,325,Baltimore,Ravens
2009,610,Buffalo,Bills
2009,750,Carolina,Panthers
2009,810,Chicago,Bears
2009,920,Cincinnati,Bengals
2009,1050,Cleveland,Browns
2009,1200,Dallas,Cowboys
2009,1400,Denver,Broncos
2009,1540,Detroit,Lions
2009,1800,Green Bay,Packers
2009,2120,Houston,Texans
2009,2200,Indianapolis,Colts
2009,2250,Jacksonville,Jaguars
2009,2310,Kansas City,Chiefs
2009,2510,St. Louis,Rams
2009,4400,San Diego,Chargers
2009,2520,Oakland,Raiders
2009,2700,Miami,Dolphins
2009,3000,Minnesota,Vikings
2009,3200,New England,Patriots
2009,3300,New Orleans,Saints
2009,3410,New York Giants,Giants
2009,3430,New York Jets,Jets
2009,3700,Philadelphia,Eagles
2009,3900,Pittsburgh,Steelers
2009,4600,Seattle,Seahawks
2009,4500,San Francisco,49ers
2009,4900,Tampa Bay,Buccaneers
2009,2100,Tennessee,Titans
2009,5110,Washington,Redskins
2010,3800,Arizona,Cardinals
2010,200,Atlanta,Falcons
2010,325,Baltimore,Ravens
2010,610,Buffalo,Bills
2010,750,Carolina,Panthers
2010,810,Chicago,Bears
2010,920,Cincinnati,Bengals
2010,1050,Cleveland,Browns
2010,1200,Dallas,Cowboys
2010,1400,Denver,Broncos
2010,1540,Detroit,Lions
2010,1800,Green Bay,Packers
2010,2120,Houston,Texans
2010,2200,Indianapolis,Colts
2010,2250,Jacksonville,Jaguars
2010,2310,Kansas City,Chiefs
2010,2510,St. Louis,Rams
2010,4400,San Diego,Chargers
2010,2520,Oakland,Raiders
2010,2700,Miami,Dolphins
2010,3000,Minnesota,Vikings
2010,3200,New England,Patriots
2010,3300,New Orleans,Saints
2010,3410,New York Giants,Giants
2010,3430,New York Jets,Jets
2010,3700,Philadelphia,Eagles
2010,3900,Pittsburgh,Steelers
2010,4600,Seattle,Seahawks
2010,4500,San Francisco,49ers
2010,4900,Tampa Bay,Buccaneers
2010,2100,Tennessee,Titans
2010,5110,Washington,Redskins
2011,3800,Arizona,Cardinals
2011,200,Atlanta,Falcons
2011,325,Baltimore,Ravens
2011,610,Buffalo,Bills
2011,750,Carolina,Panthers
2011,810,Chicago,Bears
2011,920,Cincinnati,Bengals
2011,1050,Cleveland,Browns
2011,1200,Dallas,Cowboys
2011,1400,Denver,Broncos
2011,1540,Detroit,Lions
2011,1800,Green Bay,Packers
2011,2120,Houston,Texans
2011,2200,Indianapolis,Colts
2011,2250,Jacksonville,Jaguars
2011,2310,Kansas City,Chiefs
2011,2510,St. Louis,Rams
2011,4400,San Diego,Chargers
2011,2520,Oakland,Raiders
2011,2700,Miami,Dolphins
2011,3000,Minnesota,Vikings
2011,3200,New England,Patriots
2011,3300,New Orleans,Saints
2011,3410,New York Giants,Giants
2011,3430,New York Jets,Jets
2011,3700,Philadelphia,Eagles
2011,3900,Pittsburgh,Steelers
2011,4600,Seattle,Seahawks
2011,4500,San Francisco,49ers
2011,4900,Tampa Bay,Buccaneers
2011,2100,Tennessee,Titans
2011,5110,Washington,Redskins
2012,3800,Arizona,Cardinals
2012,200,Atlanta,Falcons
2012,325,Baltimore,Ravens
2012,610,Buffalo,Bills
2012,750,Carolina,Panthers
2012,810,Chicago,Bears
2012,920,Cincinnati,Bengals
2012,1050,Cleveland,Browns
2012,1200,Dallas,Cowboys
2012,1400,Denver,Broncos
2012,1540,Detroit,Lions
2012,1800,Green Bay,Packers
2012,2120,Houston,Texans
2012,2200,Indianapolis,Colts
2012,2250,Jacksonville,Jaguars
2012,2310,Kansas City,Chiefs
2012,2510,St. Louis,Rams
2012,4400,San Diego,Chargers
2012,2520,Oakland,Raiders
2012,2700,Miami,Dolphins
2012,3000,Minnesota,Vikings
2012,3200,New England,Patriots
2012,3300,New Orleans,Saints
2012,3410,New York Giants,Giants
2012,3430,New York Jets,Jets
2012,3700,Philadelphia,Eagles
2012,3900,Pittsburgh,Steelers
2012,4600,Seattle,Seahawks
2012,4500,San Francisco,49ers
2012,4900,Tampa Bay,Buccaneers
2012,2100,Tennessee,Titans
2012,5110,Washington,Redskins
2013,3800,Arizona,Cardinals
2013,200,Atlanta,Falcons
2013,325,Baltimore,Ravens
2013,610,Buffalo,Bills
2013,750,Carolina,Panthers
2013,810,Chicago,Bears
2013,920,Cincinnati,Bengals
2013,1050,Cleveland,Browns
2013,1200,Dallas,Cowboys
2013,1400,Denver,Broncos
2013,1540,Detroit,Lions
2013,1800,Green Bay,Packers
2013,2120,Houston,Texans
2013,2200,Indianapolis,Colts
2013,2250,Jacksonville,Jaguars
2013,2310,Kansas City,Chiefs
2013,2510,St. Louis,Rams
2013,4400,San Diego,Chargers
2013,2520,Oakland,Raiders
2013,2700,Miami,Dolphins
2013,3000,Minnesota,Vikings
2013,3200,New England,Patriots
2013,3300,New Orleans,Saints
2013,3410,New York Giants,Giants
2013,3430,New York Jets,Jets
2013,3700,Philadelphia,Eagles
2013,3900,Pittsburgh,Steelers
2013,4600,Seattle,Seahawks
2013,4500,San Francisco,49ers
2013,4900,Tampa Bay,Buccaneers
2013,2100,Tennessee,Titans
2013,5110,Washington,Redskins
2014,3800,Arizona,Cardinals
2014,200,Atlanta,Falcons
2014,325,Baltimore,Ravens
2014,610,Buffalo,Bills
2014,750,Carolina,Panthers
2014,810,Chicago,Bears
2014,920,Cincinnati,Bengals
2014,1050,Cleveland,Browns
2014,1200,Dallas,Cowboys
2014,1400,Denver,Broncos
2014,1540,Detroit,Lions
2014,1800,Green Bay,Packers
2014,2120,Houston,Texans
2014,2200,Indianapolis,Colts
2014,2250,Jacksonville,Jaguars
2014,2310,Kansas City,Chiefs
2014,2510,St. Louis,Rams
2014,4400,San Diego,Chargers
2014,2520,Oakland,Raiders
2014,2700,Miami,Dolphins
2014,3000,Minnesota,Vikings
2014,3200,New England,Patriots
2014,3300,New Orleans,Saints
2014,3410,New York Giants,Giants
2014,3430,New York Jets,Jets
2014,3700,Philadelphia,Eagles
2014,3900,Pittsburgh,Steelers
2014,4600,Seattle,Seahawks
2014,4500,San Francisco,49ers
2014,4900,Tampa Bay,Buccaneers
2014,2100,Tennessee,Titans
2014,5110,Washington,Redskins
2015,3800,Arizona,Cardinals
2015,200,Atlanta,Falcons
2015,325,Baltimore,Ravens
2015,610,Buffalo,Bills
2015,750,Carolina,Panthers
2015,810,Chicago,Bears
2015,920,Cincinnati,Bengals
2015,1050,Cleveland,Browns
2015,1200,Dallas,Cowboys
2015,1400,Denver,Broncos
2015,1540,Detroit,Lions
2015,1800,Green Bay,Packers
2015,2120,Houston,Texans
2015,2200,Indianapolis,Colts
2015,2250,Jacksonville,Jaguars
2015,2310,Kansas City,Chiefs
2015,2510,St. Louis,Rams
2015,4400,San Diego,Chargers
2015,2520,Oakland,Raiders
2015,2700,Miami,Dolphins
2015,3000,Minnesota,Vikings
2015,3200,New England,Patriots
2015,3300,New Orleans,Saints
2015,3410,New York Giants,Giants
2015,3430,New York Jets,Jets
2015,3700,Philadelphia,Eagles
2015,3900,Pittsburgh,Steelers
2015,4600,Seattle,Seahawks
2015,4500,San Francisco,49ers
2015,4900,Tampa Bay,Buccaneers
2015,2100,Tennessee,Titans
2015,5110,Washington,Redskins
2016,3800,Arizona,Cardinals
2016,200,Atlanta,Falcons
2016,325,Baltimore,Ravens
2016,610,Buffalo,Bills
2016,750,Carolina,Panthers
2016,810,Chicago,Bears
2016,920,Cincinnati,Bengals
2016,1050,Cleveland,Browns
2016,1200,Dallas,Cowboys
2016,1400,Denver,Broncos
2016,1540,Detroit,Lions
2016,1800,Green Bay,Packers
2016,2120,Houston,Texans
2016,2200,Indianapolis,Colts
2016,2250,Jacksonville,Jaguars
2016,2310,Kansas City,Chiefs
2016,2510,Los Angeles,Rams
2016,4400,San Diego,Chargers
2016,2520,Oakland,Raiders
2016,2700,Miami,Dolphins
2016,3000,Minnesota,Vikings
2016,3200,New England,Patriots
2016,3300,New Orleans,Saints
2016,3410,New York Giants,Giants
2016,3430,New York Jets,Jets
2016,3700,Philadelphia,Eagles
2016,3900,Pittsburgh,Steelers
2016,4600,Seattle,Seahawks
2016,4500,San Francisco,49ers
2016,4900,Tampa Bay,Buccaneers
2016,2100,Tennessee,Titans
2016,5110,Washington,Redskins
2017,3800,Arizona,Cardinals
2017,200,Atlanta,Falcons
2017,325,Baltimore,Ravens
2017,610,Buffalo,Bills
2017,750,Carolina,Panthers
2017,810,Chicago,Bears
2017,920,Cincinnati,Bengals
2017,1050,Cleveland,Browns
2017,1200,Dallas,Cowboys
2017,1400,Denver,Broncos
2017,1540,Detroit,Lions
2017,1800,Green Bay,Packers
2017,2120,Houston,Texans
2017,2200,Indianapolis,Colts
2017,2250,Jacksonville,Jaguars
2017,2310,Kansas City,Chiefs
2017,2510,Los Angeles Rams,Rams
2017,4400,Los Angeles Chargers,Chargers
2017,2520,Oakland,Raiders
2017,2700,Miami,Dolphins
2017,3000,Minnesota,Vikings
2017,3200,New England,Patriots
2017,3300,New Orleans,Saints
2017,3410,New York Giants,Giants
2017,3430,New York Jets,Jets
2017,3700,Philadelphia,Eagles
2017,3900,Pittsburgh,Steelers
2017,4600,Seattle,Seahawks
2017,4500,San Francisco,49ers
2017,4900,Tampa Bay,Buccaneers
2017,2100,Tennessee,Titans
2017,5110,Washington,Redskins
2018,3800,Arizona,Cardinals
2018,200,Atlanta,Falcons
2018,325,Baltimore,Ravens
2018,610,Buffalo,Bills
2018,750,Carolina,Panthers
2018,810,Chicago,Bears
2018,920,Cincinnati,Bengals
2018,1050,Cleveland,Browns
2018,1200,Dallas,Cowboys
2018,1400,Denver,Broncos
2018,1540,Detroit,Lions
2018,1800,Green Bay,Packers
2018,2120,Houston,Texans
2018,2200,Indianapolis,Colts
2018,2250,Jacksonville,Jaguars
2018,2310,Kansas City,Chiefs
2018,2510,Los Angeles Rams,Rams
2018,4400,Los Angeles Chargers,Chargers
2018,2520,Oakland,Raiders
2018,2700,Miami,Dolphins
2018,3000,Minnesota,Vikings
2018,3200,New England,Patriots
2018,3300,New Orleans,Saints
2018,3410,New York Giants,Giants
2018,3430,New York Jets,Jets
2018,3700,Philadelphia,Eagles
2018,3900,Pittsburgh,Steelers
2018,4600,Seattle,Seahawks
2018,4500,San Francisco,49ers
2018,4900,Tampa Bay,Buccaneers
2018,2100,Tennessee,Titans
2018,5110,Washington,Redskins
2019,3800,Arizona,Cardinals
2019,200,Atlanta,Falcons
2019,325,Baltimore,Ravens
2019,610,Buffalo,Bills
2019,750,Carolina,Panthers
2019,810,Chicago,Bears
2019,920,Cincinnati,Bengals
2019,1050,Cleveland,Browns
2019,1200,Dallas,Cowboys
2019,1400,Denver,Broncos
2019,1540,Detroit,Lions
2019,1800,Green Bay,Packers
2019,2120,Houston,Texans
2019,2200,Indianapolis,Colts
2019,2250,Jacksonville,Jaguars
2019,2310,Kansas City,Chiefs
2019,2510,Los Angeles Rams,Rams
2019,4400,Los Angeles Chargers,Chargers
2019,2520,Oakland,Raiders
2019,2700,Miami,Dolphins
2019,3000,Minnesota,Vikings
2019,3200,New England,Patriots
2019,3300,New Orleans,Saints
2019,3410,New York Giants,Giants
2019,3430,New York Jets,Jets
2019,3700,Philadelphia,Eagles
2019,3900,Pittsburgh,Steelers
2019,4600,Seattle,Seahawks
2019,4500,San Francisco,49ers
2019,4900,Tampa Bay,Buccaneers
2019,2100,Tennessee,Titans
2019,5110,Washington,Redskins
